month,protocol,asset,deposits_usd,borrows_usd,withdrawals_usd,repayments_usd,avg_tvl_usd,active_user_days
2023-01-01,aave,USDC,18366571.79,9637524.68,5288646.1,668728.17,7618813.75,281.0
2023-01-01,compound,USDC,39208371.95,83983735.74,46373137.87,45350984.51,154921181.12,919.0
2023-02-01,aave,USDC,67847096.09,41156462.21,28067980.48,10276969.77,34841462.6,1381.0
2023-02-01,aave,USDT,6014593.83,5294513.35,1849159.97,2215399.32,1467640.53,217.0
2023-02-01,compound,USDC,138339483.96,65966667.67,67022590.68,51614461.98,188926594.12,1022.0
2023-03-01,aave,USDC,278080870.01,85265743.55,218241559.23,57928933.67,86146380.38,2713.0
2023-03-01,aave,USDT,160281947.39,116175426.47,105799817.65,78081998.76,29968293.26,1727.0
2023-03-01,compound,USDC,105800827.2,93900937.34,142639068.79,90933464.31,186751673.76,1356.0
2023-03-01,spark,USDC,0.0,0.0,0.0,0.0,0.0,0.0
2023-04-01,aave,USDC,173890353.44,81263746.75,160416739.0,35737314.08,126275032.72,1663.0
2023-04-01,aave,USDT,66720476.22,49170298.7,58356504.98,40880923.09,60713692.62,758.0
2023-04-01,compound,USDC,112771696.55,152554843.7,41176291.28,65902917.11,225421788.78,924.0
2023-05-01,aave,USDC,146340791.78,73578379.73,111705771.62,42168144.35,152282758.89,1146.0
2023-05-01,aave,USDT,71165328.69,75450154.33,60576715.71,69161646.99,70660517.19,644.0
2023-05-01,compound,USDC,69790873.6,37127649.39,83535777.17,39611449.39,257416955.41,605.0
2023-06-01,aave,USDC,815710072.21,143242843.76,755855928.85,98615539.43,198249700.59,2177.0
2023-06-01,aave,USDT,251831607.19,150728695.88,164964415.28,109075163.93,119620116.2,1183.0
2023-06-01,compound,USDC,138918387.33,74769133.7,173129862.09,80216545.79,207966205.98,1000.0
2023-06-01,spark,USDC,2999.3,0.0,2999.3,0.0,0.0,1.0
2023-07-01,aave,USDC,691467429.56,160630981.47,660465124.97,115094591.6,260336070.07,2473.0
2023-07-01,aave,USDT,159629756.99,87061856.97,175008802.88,60654765.69,158477084.24,1283.0
2023-07-01,compound,USDC,327328336.4,256566514.89,135412110.87,52237417.4,344445993.38,1275.0
2023-07-01,spark,USDC,632.11,0.0,632.11,0.0,0.0,1.0
2023-08-01,aave,USDC,329365303.89,157624975.45,312125881.73,143693339.61,278306068.01,3050.0
2023-08-01,aave,USDT,197791048.11,206018094.02,137761719.44,164978651.36,194358602.31,1795.0
2023-08-01,compound,USDC,113062220.3,76376358.97,199506741.17,147201691.22,363298592.22,1135.0
2023-08-01,spark,USDC,416630.09,0.0,416627.03,0.0,819.0,7.0
2023-09-01,aave,USDC,133183609.81,116226269.94,105095998.83,88362926.32,288934980.54,2570.0
2023-09-01,aave,USDT,152120295.54,100946131.91,121855215.72,71889838.63,228303918.1,1508.0
2023-09-01,compound,USDC,63430317.52,46129491.53,47166081.56,38456907.58,323118517.25,981.0
2023-09-01,spark,USDC,225291.37,0.0,225281.37,0.0,13.06,2.0
2023-10-01,aave,USDC,314606263.76,209287356.97,257349150.1,159264263.0,329716101.51,3837.0
2023-10-01,aave,USDT,251364522.98,223374491.31,193128391.0,176477113.6,270435870.57,2358.0
2023-10-01,compound,USDC,175271077.45,110706732.43,146420484.59,66079332.49,336652609.5,1536.0
2023-10-01,spark,USDC,236957.16,152598.81,136241.97,52446.75,89206.52,17.0
2023-10-01,spark,USDT,60022.51,44459.94,0.0,0.0,52881.74,8.0
2023-11-01,aave,USDC,453793432.83,304680119.79,383737986.89,235194970.46,392792304.35,4473.0
2023-11-01,aave,USDT,237117740.73,240264192.22,212394303.86,185715840.98,314354815.63,2801.0
2023-11-01,compound,USDC,124631044.2,162190784.8,119750650.39,152445818.93,376447145.39,1864.0
2023-11-01,spark,USDC,675526.02,302785.87,552240.38,269428.65,144246.65,53.0
2023-11-01,spark,USDT,5219004.8,104056.06,5205668.08,87170.1,64305.12,29.0
2023-12-01,aave,USDC,483620187.78,336816427.18,417497365.45,276038080.96,458542699.36,4545.0
2023-12-01,aave,USDT,474304542.56,499512813.76,364913973.34,397313687.67,397655364.74,3724.0
2023-12-01,compound,USDC,155621671.48,109055155.48,143712411.75,94931524.81,388395040.59,1975.0
2023-12-01,spark,USDC,1606316.08,635162.91,1424580.28,398918.44,306894.86,100.0
2023-12-01,spark,USDT,246.36,54290.6,0.0,43661.53,73918.9,14.0
2024-01-01,aave,USDC,636865054.9,500448997.1,535859105.17,400857148.77,573083590.58,4959.0
2024-01-01,aave,USDT,804853681.02,769474783.76,678823471.05,689081954.56,554826926.18,4223.0
2024-01-01,compound,USDC,228218436.29,157589979.91,226296937.59,150156212.83,397764824.34,2001.0
2024-01-01,spark,USDC,725986.47,505289.61,616733.99,201434.36,470403.17,73.0
2024-01-01,spark,USDT,27257.86,39034.08,8116.43,26968.62,95046.08,13.0
2024-02-01,aave,USDC,580051209.39,501443323.34,401223653.64,324633691.85,652204611.73,4778.0
2024-02-01,aave,USDT,461572528.41,512169310.45,309697658.38,383833985.31,582542978.72,3638.0
2024-02-01,compound,USDC,281428347.32,168279368.91,200522428.97,83615303.05,432296742.43,2061.0
2024-02-01,spark,USDC,11937908.04,679752.33,11182580.14,91256.35,666383.67,74.0
2024-02-01,spark,USDT,2530246.57,86362.78,2495418.61,42528.99,115112.02,32.0
2024-03-01,aave,USDC,1323652091.39,1105907255.31,909394996.35,752689406.16,1020751466.95,6661.0
2024-03-01,aave,USDT,1328695190.51,976651294.79,1006348082.35,701604362.78,816242991.41,5310.0
2024-03-01,compound,USDC,374887807.14,239538748.26,310302895.26,200404244.85,509150609.52,2501.0
2024-03-01,spark,USDC,3596000.06,1719750.93,2519541.92,564171.41,2020601.48,101.0
2024-03-01,spark,USDT,3064552.94,151072.33,3031146.5,133933.48,165917.21,44.0
2024-04-01,aave,USDC,1065429384.95,567088840.01,972738405.57,587465454.83,1262402498.1,5794.0
2024-04-01,aave,USDT,1214299828.37,721318493.58,1046960553.82,755385772.65,1073356497.81,5237.0
2024-04-01,compound,USDC,278335604.97,141484276.17,256470707.82,128412563.62,547213144.35,2027.0
2024-04-01,spark,USDC,362587.65,1493808.19,480497.06,1348528.81,2340791.48,95.0
2024-04-01,spark,USDT,1463409.01,96259.0,1406612.4,55482.84,194636.12,40.0
2024-05-01,aave,USDC,1297798137.16,1130197019.6,1202561684.48,903475580.52,1328017417.87,6017.0
2024-05-01,aave,USDT,1322849015.11,1075879217.36,1208020055.15,757626001.62,1262174426.49,5823.0
2024-05-01,compound,USDC,149703982.51,116759092.82,165069331.5,102735088.43,540931920.01,2056.0
2024-05-01,spark,USDC,2153896.54,1835804.24,1866331.6,1186882.01,2377894.27,80.0
2024-05-01,spark,USDT,795391.62,51240.0,801365.68,31053.4,215103.58,49.0
2024-06-01,aave,USDC,690867372.87,802528071.42,655393053.91,790320937.23,1413480677.07,5661.0
2024-06-01,aave,USDT,1682629585.68,623152846.08,1228887719.41,463585040.84,1531253456.41,6370.0
2024-06-01,compound,USDC,163602409.27,86023778.9,150668611.65,72199303.56,558603007.6,1845.0
2024-06-01,spark,USDC,317544.37,498977.93,336535.95,555234.01,2567048.86,71.0
2024-06-01,spark,USDT,1203447.89,44698.56,1167096.02,30338.03,241126.43,53.0
2024-07-01,aave,USDC,1357424129.15,1417946998.77,1229656101.42,1236139675.85,1506820114.72,7464.0
2024-07-01,aave,USDT,1581345595.93,1344619283.11,1708458533.27,1241711008.41,1682334648.56,7500.0
2024-07-01,compound,USDC,114789038.17,110625959.09,174215705.89,260312805.72,548113195.88,2150.0
2024-07-01,compound,USDT,70093487.49,40756460.74,25912518.25,10651268.89,26749927.0,536.0
2024-07-01,spark,USDC,1178209.1,965987.87,2003616.99,1183077.47,2468625.58,124.0
2024-07-01,spark,USDT,134735.92,39300.0,144319.26,44846.76,251766.87,53.0
2024-08-01,aave,USDC,2549262578.25,1254394177.27,2617818993.46,1386672365.99,1489965194.53,9437.0
2024-08-01,aave,USDT,1588380077.88,1782780366.08,1723326128.29,1935182423.77,1530993765.74,9247.0
2024-08-01,compound,USDC,144062744.4,77557161.65,177368530.54,58704383.96,454863310.83,1932.0
2024-08-01,compound,USDT,63643197.91,40410302.26,33656658.09,20276746.58,56011193.27,593.0
2024-08-01,spark,USDC,1542611.73,1666553.09,1102331.61,1206111.67,2018223.06,150.0
2024-08-01,spark,USDT,1321787.1,71030.04,640242.88,42341.27,321645.39,58.0
2024-09-01,aave,USDC,1785133529.99,1272190292.49,1810450038.95,1112549040.58,1514323469.31,6759.0
2024-09-01,aave,USDT,1477701997.52,1087376727.68,1386151621.75,849720874.42,1625233923.73,7246.0
2024-09-01,compound,USDC,84199718.7,78557774.76,131245342.66,44075924.96,426125059.29,1495.0
2024-09-01,compound,USDT,92995710.86,68674443.69,99994794.98,56262725.32,73958301.44,649.0
2024-09-01,spark,USDC,1019659.65,1017630.29,927869.4,946876.49,2476106.21,103.0
2024-09-01,spark,USDT,713782.51,224678.19,1150398.59,38929.48,492021.86,82.0
2024-10-01,aave,USDC,1308039109.25,2911086229.51,1209640465.79,2728599347.3,1520312627.21,6838.0
2024-10-01,aave,USDT,1033259801.01,1148862293.1,831556088.2,939138028.97,1750684748.52,7250.0
2024-10-01,compound,USDC,171654342.94,89034093.67,156389692.64,65825984.48,410512930.42,1675.0
2024-10-01,compound,USDT,193039951.27,52107841.53,182741810.2,40629672.07,78913421.59,706.0
2024-10-01,spark,USDC,1186775.71,157315.77,1474618.41,371338.99,2150699.17,91.0
2024-10-01,spark,USDT,361931.88,53683.0,390122.4,6264.58,478735.3,59.0
2024-11-01,aave,USDC,2184964742.41,5179874299.85,1852412952.1,4959218251.28,1759860219.08,11522.0
2024-11-01,aave,USDT,1974440844.14,1999255952.98,1434769249.98,1437086313.51,2055982783.51,11812.0
2024-11-01,compound,USDC,217762478.79,116484297.26,188141830.4,92447250.5,434502965.33,2588.0
2024-11-01,compound,USDT,143987737.03,61564940.23,139652270.66,56686860.91,81068757.71,844.0
2024-11-01,spark,USDC,1876425.54,612729.84,2497172.97,1153828.69,1782826.67,97.0
2024-11-01,spark,USDT,701275.25,59608.61,752899.48,108400.04,461327.6,80.0
2024-12-01,aave,USDC,2054407839.58,3315162441.7,1634667881.21,3072153394.46,2175635091.24,13672.0
2024-12-01,aave,USDT,3368777688.04,2213224032.7,2521198222.04,1877721892.28,2811742295.29,13607.0
2024-12-01,compound,USDC,177273567.99,217013569.58,157864887.6,197088100.6,476672390.29,2541.0
2024-12-01,compound,USDT,338235397.8,75654649.15,298278154.91,39208703.34,107216171.8,1027.0
2024-12-01,spark,USDC,7184287.81,1731903.2,7172679.91,1849394.7,1619164.44,137.0
2024-12-01,spark,USDT,6756157.42,310382.44,6592417.34,146764.19,560314.42,92.0
2025-01-01,aave,USDC,2171630515.08,2149803204.24,1546223809.21,2003831112.74,2639528806.73,14063.0
2025-01-01,aave,USDT,5787620239.63,1283129911.58,5422094360.97,1325124542.21,3248894973.94,11893.0
2025-01-01,compound,USDC,136931652.71,251214151.38,96000094.29,195667045.26,510783424.32,2277.0
2025-01-01,compound,USDT,123987636.27,73278265.95,102117064.37,56724286.15,134804115.11,825.0
2025-01-01,spark,USDC,4322043.45,390687.57,4551564.23,599522.94,1317411.17,90.0
2025-01-01,spark,USDT,1424941.97,848322.5,984565.84,624980.98,860579.72,78.0
2025-02-01,aave,USDC,3195663605.94,2198851179.67,3094637940.67,2414651882.81,2865662510.11,15874.0
2025-02-01,aave,USDT,5610330011.61,2021965442.48,5231590881.74,2183673810.04,3462891930.52,13732.0
2025-02-01,compound,USDC,159108500.02,150826330.77,145310937.52,143134974.64,529898970.51,2225.0
2025-02-01,compound,USDT,126120901.27,85801603.37,117616957.34,75147742.1,157602769.74,940.0
2025-02-01,spark,USDC,2680647.2,1224428.99,2475821.45,1009736.21,1484187.75,122.0
2025-02-01,spark,USDT,1751191.48,246238.49,1916955.0,230605.87,1044137.52,67.0
2025-03-01,aave,USDC,1561809360.42,2721831033.69,1785008029.53,2575282798.76,2845675615.5,15943.0
2025-03-01,aave,USDT,3953843605.79,2152243016.91,4607772747.84,2143126239.84,3295501254.24,14456.0
2025-03-01,compound,USDC,198443604.08,109787946.67,190402497.19,91048226.48,546724403.64,2401.0
2025-03-01,compound,USDT,239241410.47,39261388.85,211262733.81,48052210.62,185495990.53,1130.0
2025-03-01,spark,USDC,54643708.61,45113592.02,5367532.1,19109462.56,21707526.77,254.0
2025-03-01,spark,USDT,854490.11,248132.85,652000.92,280789.56,998464.75,62.0
2025-04-01,aave,USDC,2225507717.3,3098127207.2,2378175205.04,3330589142.19,2654656797.66,15527.0
2025-04-01,aave,USDT,5795637299.34,4330467384.12,4695774421.31,4094840450.97,3349811714.37,14713.0
2025-04-01,compound,USDC,288131489.39,55955073.31,319814722.76,58780328.67,520108241.66,2263.0
2025-04-01,compound,USDT,447653707.04,51383920.6,407925520.29,27468859.87,200818838.42,966.0
2025-04-01,spark,USDC,52004007.81,63568637.95,2075747.58,21978260.43,75759724.51,240.0
2025-04-01,spark,USDT,62234412.7,349921.04,61238635.91,151208.58,1087157.09,90.0
2025-05-01,aave,USDC,2544511193.0,4345054288.13,2440348406.51,3915891806.39,2476236480.56,16201.0
2025-05-01,aave,USDT,5065391043.86,7331754880.27,4949691173.9,6272526994.16,3917620166.67,14809.0
2025-05-01,compound,USDC,231854044.4,96127837.09,257615070.3,75712136.32,496332492.34,2204.0
2025-05-01,compound,USDT,189311657.57,94372085.35,207722240.77,54578397.92,194575459.83,917.0
2025-05-01,spark,USDC,237567777.08,55874930.42,303608671.41,88419864.97,77891712.97,337.0
2025-05-01,spark,USDT,16643390.41,23494509.26,1687673.09,10207249.05,11797267.81,150.0
2025-06-01,aave,USDC,13876265151.88,3822843060.25,13481836431.59,3542541158.4,2712334824.15,16762.0
2025-06-01,aave,USDT,6919304701.25,5782448522.67,5750148765.53,5358817933.1,4443133060.39,15072.0
2025-06-01,compound,USDC,114178116.0,71218072.73,124664454.14,67804780.69,484840490.89,1845.0
2025-06-01,compound,USDT,117912392.85,70975726.36,124091719.55,79291835.45,187903582.3,788.0
2025-06-01,spark,USDC,19435935.49,25781354.03,44687992.08,48858896.22,20242963.86,390.0
2025-06-01,spark,USDT,3199294.19,16135826.03,3280144.91,17906719.53,16159312.04,128.0
2025-07-01,aave,USDC,15475271958.28,6485184230.19,14378025059.91,5375490088.09,3518893455.97,22802.0
2025-07-01,aave,USDT,7222450238.71,12899509974.89,5146108437.27,10562769864.58,5894982972.6,20354.0
2025-07-01,compound,USDC,278127505.17,137703178.85,200309419.96,78665487.94,512769335.8,2713.0
2025-07-01,compound,USDT,157731997.77,91389736.97,137717987.3,62457775.67,214669038.11,1102.0
2025-07-01,spark,USDC,128672963.8,4163505.52,128927460.47,4381273.62,8021067.68,448.0
2025-07-01,spark,USDT,14619019.36,13984645.78,2131524.14,7260046.0,20400158.15,186.0
2025-08-01,aave,USDC,7807514923.8,7848291979.16,5643128490.14,6490677303.48,5066288100.43,29124.0
2025-08-01,aave,USDT,8497934281.23,12977406230.94,8619659867.67,13250671487.47,7183177386.34,27270.0
2025-08-01,compound,USDC,131717635.39,144662155.57,139496012.06,162349816.5,536128764.64,2711.0
2025-08-01,compound,USDT,78012820.0,60160064.95,94063481.22,74669018.5,216945089.89,1032.0
2025-08-01,spark,USDC,99301608.21,8200819.09,93450605.13,7478342.89,8562640.91,546.0
2025-08-01,spark,USDT,219606722.5,339213581.13,17809.32,163408588.97,87397816.98,286.0
2025-09-01,aave,USDC,6256437841.12,7208060159.24,6795318689.51,7662202929.49,5906469558.01,25768.0
2025-09-01,aave,USDT,8574393722.16,8284949271.01,9352514878.29,8752438748.93,7206139861.01,22680.0
2025-09-01,compound,USDC,88249668.78,133484953.21,85989237.75,132507731.02,535803982.33,2153.0
2025-09-01,compound,USDT,54291291.85,62858415.14,60401233.53,67633983.39,202595676.93,1013.0
2025-09-01,spark,USDC,26056898.13,1983061.95,25777066.53,2055296.72,8934378.33,264.0
2025-09-01,spark,USDT,314684748.41,2740912108.01,15787275.32,2421799727.25,414897308.62,319.0
2025-10-01,aave,USDC,6259111266.43,5336823027.69,6499482317.35,5493217571.97,5658346848.51,30249.0
2025-10-01,aave,USDT,10046586614.88,5446528820.31,10000906741.28,5893043849.63,6235641758.08,24577.0
2025-10-01,compound,USDC,337249075.77,171438539.63,353041884.97,187434533.85,528847616.85,2421.0
2025-10-01,compound,USDT,76503921.34,101358399.26,77588755.44,88871354.81,200006976.14,1229.0
2025-10-01,spark,USDC,84866169.89,85373102.28,42320950.12,46886124.81,42057986.93,437.0
2025-10-01,spark,USDT,659367365.3,3725728777.65,464693009.12,3770302702.25,813305210.02,540.0
2025-11-01,aave,USDC,5040207941.84,3384841294.32,5778856468.84,3802262380.09,4783858494.18,33355.0
2025-11-01,aave,USDT,9215915134.91,4892147130.83,9554049700.99,5088097129.08,5850633982.19,26912.0
2025-11-01,compound,USDC,221627036.09,107951088.76,299582418.18,169865144.2,440286380.64,2329.0
2025-11-01,compound,USDT,88591000.13,70399518.11,116835200.33,91514391.83,176247494.1,1099.0
2025-11-01,spark,USDC,105526098.92,94431397.94,107207749.48,99143252.94,50060732.81,527.0
2025-11-01,spark,USDT,180702187.78,2248945209.37,629510358.29,2458260135.32,520985730.38,487.0
2025-12-01,aave,USDC,3702215607.59,2233924232.45,3581593992.24,2148208769.28,4626205343.02,25764.0
2025-12-01,aave,USDT,7600608710.85,3916367730.41,7910580996.12,3613092212.78,6142640394.24,21982.0
2025-12-01,compound,USDC,89316809.46,116608973.96,78229915.11,92399763.59,423537541.58,1567.0
2025-12-01,compound,USDT,87126647.12,90004667.58,53740318.65,64600330.05,187237206.69,904.0
2025-12-01,spark,USDC,32985827.85,17032230.42,31831107.76,14588723.13,49997095.5,311.0
2025-12-01,spark,USDT,335530048.59,551184718.26,292349255.01,516500818.88,313219137.69,327.0
2026-01-01,aave,USDC,4523334645.42,2747455968.39,5209927198.71,2846450627.08,4450267736.31,29771.0
2026-01-01,aave,USDT,7988700525.97,3595979837.71,7226728038.15,3227135325.4,6328494549.91,24003.0
2026-01-01,compound,USDC,88012247.32,57173696.21,111738627.85,114597809.09,415070926.96,1715.0
2026-01-01,compound,USDT,82282094.35,46413986.99,76182083.06,40608525.94,219057629.03,988.0
2026-01-01,spark,USDC,67521486.59,52990102.66,63000215.91,53662555.55,50850153.01,370.0
2026-01-01,spark,USDT,422412944.52,141421708.68,529649460.1,240228247.79,291686763.33,402.0
2026-02-01,aave,USDC,7005790396.05,3422124696.3,7335582723.44,4547286976.64,3869188991.08,31538.0
2026-02-01,aave,USDT,6958436094.68,4980282232.93,7951405337.88,6072433220.11,5893400768.21,25549.0
2026-02-01,compound,USDC,854912676.8,69014827.86,872617928.92,108222410.09,386980869.39,1808.0
2026-02-01,compound,USDT,49549560.54,39949213.37,62411507.28,88263810.05,207114292.42,907.0
2026-02-01,spark,USDC,41595420.18,51609249.56,38564220.53,64765662.33,50000735.67,387.0
2026-02-01,spark,USDT,593158931.06,648947640.23,490090088.69,623462616.53,303729556.54,356.0
2026-03-01,aave,USDC,7073729595.03,3994560034.16,7546041986.6,3699446494.71,3479865582.62,24284.0
2026-03-01,aave,USDT,7853246222.54,3996077704.21,8425968408.36,4023049451.9,5191314916.85,19994.0
2026-03-01,compound,USDC,245023674.55,23461040.78,257022890.42,33582234.2,393266560.08,1207.0
2026-03-01,compound,USDT,29741042.54,35863943.44,31885348.17,18982594.63,199874127.19,668.0
2026-03-01,spark,USDC,81569397.97,16491576.18,113031867.5,30851351.38,22728784.49,377.0
2026-03-01,spark,USDT,1266128017.28,565928222.67,1320668407.09,604077487.93,316651014.94,277.0
2026-04-01,aave,USDC,4900822189.3,1754495024.75,6219680393.87,2730383455.11,2712045748.66,26968.0
2026-04-01,aave,USDT,4914570699.17,3078740190.97,7952812731.83,4819263363.32,3622053959.83,21446.0
2026-04-01,compound,USDC,76316382.33,25950057.91,100235851.4,18114824.44,371245685.87,1197.0
2026-04-01,compound,USDT,57439444.15,56308201.23,67043573.43,41269415.79,196631902.15,769.0
2026-04-01,spark,USDC,172138847.8,164995265.15,161598369.22,155588229.53,22760782.59,694.0
2026-04-01,spark,USDT,4758458995.05,1703673235.59,4363033711.25,1338855078.13,423977472.03,744.0
2026-05-01,aave,USDC,5191949975.33,1180531866.09,5167534541.74,1078640968.22,1922878924.41,18879.0
2026-05-01,aave,USDT,1956549860.52,1267661200.04,1405232232.02,1084936165.63,2217031569.48,15660.0
2026-05-01,compound,USDC,275879983.42,52023553.4,291079180.52,22180879.02,336757738.64,1259.0
2026-05-01,compound,USDT,47778376.7,16314983.89,31505831.11,16858729.25,196163154.88,662.0
2026-05-01,spark,USDC,201754128.29,259347303.93,196797389.46,254950137.42,34319801.61,817.0
2026-05-01,spark,USDT,2234399032.13,1177077643.62,2392545574.73,1300177525.81,540877738.39,1080.0
2026-06-01,aave,USDC,6041748650.32,1532413487.97,6055697818.46,1477902755.39,1893392050.85,23409.0
2026-06-01,aave,USDT,1572430686.42,1663015744.52,1321913652.23,1450825936.0,2631408050.86,19878.0
2026-06-01,compound,USDC,19549717.94,70785587.63,29939853.62,76112101.96,327733125.04,1539.0
2026-06-01,compound,USDT,25527526.04,21534474.92,41146714.75,24832706.47,192670759.9,895.0
2026-06-01,spark,USDC,59819652.15,198568117.83,64673910.18,202611627.73,30774431.12,628.0
2026-06-01,spark,USDT,2154429454.67,586759422.42,2109470636.13,533937338.97,575936279.99,855.0
2026-07-01,aave,USDC,6805412882.36,1622444272.96,6775646563.13,1577622917.66,1946503592.84,19575.0
2026-07-01,aave,USDT,2056361842.06,1695090557.38,1776576593.13,1256569799.73,2836158829.76,15358.0
2026-07-01,compound,USDC,38180259.54,42903507.29,23441773.97,31610883.17,338424928.87,1207.0
2026-07-01,compound,USDT,16862361.9,19604837.54,37196468.28,16500536.53,187841557.65,629.0
2026-07-01,spark,USDC,37648606.39,119983638.36,37929970.98,119496328.94,28346008.73,463.0
2026-07-01,spark,USDT,2484081236.85,757339496.35,2650054564.88,891676115.56,443898943.79,707.0
2026-08-01,aave,USDC,6916026969.73,1294335207.03,6775025657.9,1180871905.73,2008067141.4,22648.0
2026-08-01,aave,USDT,1139435427.8,1441081180.9,1218311087.74,1254232998.07,2977125925.38,17142.0
2026-08-01,compound,USDC,57774978.04,39393611.98,39634367.25,15656601.03,350289124.22,1459.0
2026-08-01,compound,USDT,29729495.5,9870640.99,23085784.46,6911615.04,178763975.76,786.0
2026-08-01,spark,USDC,23831178.33,35501436.53,27657557.35,39031037.84,23408742.76,440.0
2026-08-01,spark,USDT,2242139294.56,282327694.51,2273059524.15,308375187.25,370502095.65,605.0
2026-09-01,aave,USDC,2207926518.15,496454393.96,1930667537.94,392473281.22,2172421525.17,8173.0
2026-09-01,aave,USDT,446896694.21,473001453.12,364368073.59,403560969.37,2974892763.06,6058.0
2026-09-01,compound,USDC,35313493.8,15645541.77,22970953.28,6582125.99,372118975.01,623.0
2026-09-01,compound,USDT,14124878.64,7157160.94,13765784.54,3559463.22,184081034.28,276.0
2026-09-01,spark,USDC,6219363.69,17807293.1,5256167.5,16890345.82,25641176.71,118.0
2026-09-01,spark,USDT,701723851.94,146757310.05,751578532.97,153552173.88,362664092.04,187.0
